{
  "name": "user-profile",
  "version": "1.0.0",
  "description": "",
  "main": "index.js",
  "scripts": {
    "deploy": "aws lambda update-function-code --function-name arn:aws:lambda:us-east-1:594511596695:function:user-profile --zip-file fileb://Lambda-Deployment.zip",
    "predeploy": "zip -r Lambda-Deployment.zip * -x *.zip *.log",
    "test": "echo \"Error: no test specified\" && exit 1"
  },
  "keywords": [],
  "author": "",
  "license": "ISC",
  "dependencies": {
    "jsonwebtoken": "^8.5.1",
    "requests": "^0.3.0"
  }
}
